HLA,peptide,Label,Length
HLA-A*01:01,ENFSSPKC,0,8
HLA-A*01:01,PEIPCIVV,0,8
HLA-A*01:01,LVDPSVYG,1,8
HLA-A*01:01,LTDFIQEE,1,8
HLA-A*01:01,LTDVAHEY,1,8
HLA-A*01:01,SVLYNLAS,0,8
HLA-A*01:01,ETLTSQAP,0,8
HLA-A*01:01,LHLVHQAP,0,8
HLA-A*01:01,QARKLEHV,0,8
HLA-A*01:01,HNGIITDG,0,8
HLA-A*01:01,HVQEMVVG,0,8
HLA-A*01:01,ETDEKDFY,1,8
HLA-A*01:01,AATNAACA,0,8
HLA-A*01:01,WTDLALQY,1,8
HLA-A*01:01,YLEREDFF,1,8
HLA-A*01:01,FEELWAAQ,0,8
HLA-A*01:01,MDRNIAIV,0,8
HLA-A*01:01,SDFRKEFY,1,8
HLA-A*01:01,SERTVLRY,1,8
HLA-A*01:01,MSDVNLKY,1,8
HLA-A*01:01,LTDFIQKY,1,8
HLA-A*01:01,TDLAQHLY,1,8
HLA-A*01:01,NIDYPVLY,1,8
HLA-A*01:01,AAVDATVN,0,8
HLA-A*01:01,TDIKLGKY,1,8
HLA-A*01:01,GINNYKNP,0,8
HLA-A*01:01,NRKAVGRV,0,8
HLA-A*01:01,DVDPETLS,1,8
HLA-A*01:01,VDPQFLTY,1,8
HLA-A*01:01,IIPLKMCF,0,8
HLA-A*01:01,PLDKYLQW,0,8
HLA-A*01:01,FTAKSPLM,1,8
HLA-A*01:01,YVKDIYQY,1,8
HLA-A*01:01,VHQAHKPF,0,8
HLA-A*01:01,HSPQLVER,0,8
HLA-A*01:01,HIDLGIKY,1,8
HLA-A*01:01,SGNLLTIE,0,8
HLA-A*01:01,VQRRNQLH,0,8
HLA-A*01:01,LVDHFMEL,1,8
HLA-A*01:01,LDVYQWTL,0,8
HLA-A*01:01,STDHIPIL,1,8
HLA-A*01:01,FSEAHSEF,1,8
HLA-A*01:01,RWGIQQNS,0,8
HLA-A*01:01,LTDDHVQF,1,8
HLA-A*01:01,SEKKSISY,0,8
HLA-A*01:01,CRQCFRQY,0,8
HLA-A*01:01,PKDPAALG,0,8
HLA-A*01:01,GLNPYGYN,0,8
HLA-A*01:01,IVDEAIYY,1,8
HLA-A*01:01,ETFYLSNI,0,8
HLA-A*01:01,EKTSITLD,0,8
HLA-A*01:01,GSTAGAAE,0,8
HLA-A*01:01,ELDPTNMT,1,8
HLA-A*01:01,TIDIGVKY,1,8
HLA-A*01:01,SENKFLKY,1,8
HLA-A*01:01,SDVSLLNY,1,8
HLA-A*01:01,YVLKEGLK,0,8
HLA-A*01:01,GYFAACTT,0,8
HLA-A*01:01,DTFKLHCY,1,8
HLA-A*01:01,QVMVIKRP,0,8
HLA-A*01:01,MTEPIDEY,1,8
HLA-A*01:01,GKHRKTGR,0,8
HLA-A*01:01,FSSCPVAY,1,8
HLA-A*01:01,DMCGSNYA,0,8
HLA-A*01:01,DALDKIRY,1,8
HLA-A*01:01,MYGGLVLF,0,8
HLA-A*01:01,FTDTSLMY,1,8
HLA-A*01:01,SDFSHPHY,1,8
HLA-A*01:01,IDIINLDT,0,8
HLA-A*01:01,VADMALHY,1,8
HLA-A*01:01,AIDEDVLR,1,8
HLA-A*01:01,YTEVLDLS,1,8
HLA-A*01:01,QKYKEGKY,0,8
HLA-A*01:01,FLMGLSVI,0,8
HLA-A*01:01,PVSAVLTE,0,8
HLA-A*01:01,LVDLRNYQ,1,8
HLA-A*01:01,LDGDREKY,1,8
HLA-A*01:01,ATDDSLYY,1,8
HLA-A*01:01,LSGSFAHQ,0,8
HLA-A*01:01,ADMGHLKY,1,8
HLA-A*01:01,RSSLGEKG,0,8
HLA-A*01:01,LTEEFRLN,1,8
HLA-A*01:01,YLEQLHQL,1,8
HLA-A*01:01,ATDWRLIL,1,8
HLA-A*01:01,ASFCGSPY,1,8
HLA-A*01:01,FMIWNTMM,0,8
HLA-A*01:01,TEFQPLYY,1,8
HLA-A*01:01,SDVHLNFY,1,8
HLA-A*01:01,FLDHKTLY,1,8
HLA-A*01:01,RCASRLGL,0,8
HLA-A*01:01,LLDMPLWY,1,8
HLA-A*01:01,RGIWHNDN,0,8
HLA-A*01:01,VYSLIRPN,0,8
HLA-A*01:01,ISMPLDFK,0,8
HLA-A*01:01,LMDRPIFY,1,8
HLA-A*01:01,MSSLFQEF,1,8
HLA-A*01:01,SSDLHNNY,1,8
HLA-A*01:01,FLEEVTEY,1,8
HLA-A*01:01,LADIYREL,1,8
HLA-A*01:01,FSDVISFI,1,8
HLA-A*01:01,YSDKYGLG,1,8
HLA-A*01:01,ESEDPDYY,1,8
HLA-A*01:01,TLDLTGKN,0,8
HLA-A*01:01,RNWAHSSL,1,8
HLA-A*01:01,ELTKGGVD,0,8
HLA-A*01:01,SDPIVAQY,1,8
HLA-A*01:01,VLDRLTFD,1,8
HLA-A*01:01,FIDLNYMV,1,8
HLA-A*01:01,FTDQQKLI,1,8
HLA-A*01:01,VTDEPLLK,1,8
HLA-A*01:01,EFFWGALE,0,8
HLA-A*01:01,TSDKPLMY,1,8
HLA-A*01:01,NMSQLTTL,0,8
HLA-A*01:01,TDFIAHLL,1,8
HLA-A*01:01,RYNSKRRH,0,8
HLA-A*01:01,TPEGEVRQ,0,8
HLA-A*01:01,DTDHYFLR,1,8
HLA-A*01:01,YSNKEIFL,1,8
HLA-A*01:01,ASDYFDQL,1,8
HLA-A*01:01,ITDLPIKL,1,8
HLA-A*01:01,FFSTKTDY,0,8
HLA-A*01:01,LSEPSSLQ,1,8
HLA-A*01:01,PAVQQLKN,0,8
HLA-A*01:01,FRKVARVQ,0,8
HLA-A*01:01,LFTMGGLG,0,8
HLA-A*01:01,SHKTSEMP,0,8
HLA-A*01:01,SPNTDEFL,0,8
HLA-A*01:01,ASGNHLQP,0,8
HLA-A*01:01,CDVESGRY,0,8
HLA-A*01:01,MDEKVELY,1,8
HLA-A*01:01,YLGSKTLF,1,8
HLA-A*01:01,RHIGKGVH,0,8
HLA-A*01:01,SSSFIGSA,0,8
HLA-A*01:01,EGFYFAFI,0,8
HLA-A*01:01,AQFVMTQK,0,8
HLA-A*01:01,FLDPRPLT,1,8
HLA-A*01:01,NSDRNIRY,1,8
HLA-A*01:01,IFKYTNFG,0,8
HLA-A*01:01,LVSAPGKV,0,8
HLA-A*01:01,VADKVHLM,1,8
HLA-A*01:01,LSKPPMPC,0,8
HLA-A*01:01,YSDFLNED,1,8
HLA-A*01:01,ATDIFSYL,1,8
HLA-A*01:01,MVDFAMDV,1,8
HLA-A*01:01,IDKNDHLY,1,8
HLA-A*01:01,FTELAILY,1,8
HLA-A*01:01,AGGQHRNV,0,8
HLA-A*01:01,MISAHYGL,0,8
HLA-A*01:01,TDLRNHFY,1,8
HLA-A*01:01,TDYETHEF,1,8
HLA-A*01:01,AKADEIEM,0,8
HLA-A*01:01,ELLVRFFA,0,8
HLA-A*01:01,FIRALKPP,0,8
HLA-A*01:01,CQPREILT,0,8
HLA-A*01:01,TETKTITY,1,8
HLA-A*01:01,SSLGTPTP,0,8
HLA-A*01:01,QSDTMDHY,1,8
HLA-A*01:01,SLGRRPAQ,0,8
HLA-A*01:01,YADHPFIF,1,8
HLA-A*01:01,ETEEDKFL,1,8
HLA-A*01:01,SDVNKEYY,1,8
HLA-A*01:01,LTALQGLY,1,8
HLA-A*01:01,STDKQMGY,1,8
HLA-A*01:01,KSVSFSDV,0,8
HLA-A*01:01,YSDSFPME,1,8
HLA-A*01:01,NSDELQEL,1,8
HLA-A*01:01,LLPDPSAP,0,8
HLA-A*01:01,SAVTEAVK,0,8
HLA-A*01:01,APGPREEA,0,8
HLA-A*01:01,YQGFLAEL,0,8
HLA-A*01:01,PWALLLLW,0,8
HLA-A*01:01,ATDFDVLS,1,8
HLA-A*01:01,VAAVLRIR,0,8
HLA-A*01:01,NQKSSFQE,0,8
HLA-A*01:01,GGEKIGIA,0,8
HLA-A*01:01,YPHSSPWT,0,8
HLA-A*01:01,MVDESGLW,1,8
HLA-A*01:01,CTKEVSVG,0,8
HLA-A*01:01,TLMPEKLS,0,8
HLA-A*01:01,DFDSEELE,0,8
HLA-A*01:01,FTDVIGHY,1,8
HLA-A*01:01,LPPDWVTL,0,8
HLA-A*01:01,FRNEVFHC,0,8
HLA-A*01:01,ILDVESGL,0,8
HLA-A*01:01,GIGLSRLF,0,8
HLA-A*01:01,RSKQALQE,0,8
HLA-A*01:01,YSDEFGNL,1,8
HLA-A*01:01,NSVAVDVI,0,8
HLA-A*01:01,LFKQEGTC,0,8
HLA-A*01:01,RFTQNSQL,0,8
HLA-A*01:01,LRAKRPEV,0,8
HLA-A*01:01,AQEDAKKM,0,8
HLA-A*01:01,ATELQSMM,1,8
HLA-A*01:01,HYKQATVG,0,8
HLA-A*01:01,YLETVAAY,1,8
HLA-A*01:01,TEPVFWYY,1,8
HLA-A*01:01,LDSRVLYY,1,8
HLA-A*01:01,GCGALTAG,0,8
HLA-A*01:01,LTDEQLLY,1,8
HLA-A*01:01,FRIQVDTF,0,8
HLA-A*01:01,ITDIHIKY,1,8
HLA-A*01:01,RQSTLYSF,0,8
HLA-A*01:01,STEFNPLI,1,8
HLA-A*01:01,SSYGKLLL,0,8
HLA-A*01:01,EAGGGGGG,0,8
HLA-A*01:01,TDHYFLRY,1,8
HLA-A*01:01,SPSHAVVA,0,8
HLA-A*01:01,TTDFIFNL,1,8
HLA-A*01:01,SDMREANY,1,8
HLA-A*01:01,DFREKGGY,1,8
HLA-A*01:01,SRKLEVLD,0,8
HLA-A*01:01,ARRKQMQL,0,8
HLA-A*01:01,EQRLRDEY,1,8
HLA-A*01:01,DTAQQNLY,0,8
HLA-A*01:01,VSVYRTSN,0,8
HLA-A*01:01,SSEITSLY,1,8
HLA-A*01:01,NPDFWNRE,0,8
HLA-A*01:01,FVDKNMKY,1,8
HLA-A*01:01,MTTTFTNY,1,8
HLA-A*01:01,DPSVLGKY,1,8
HLA-A*01:01,SLKYFHTS,0,8
HLA-A*01:01,FTSFFYRY,1,8
HLA-A*01:01,TDYLKWLF,1,8
HLA-A*01:01,NWSHITTV,0,8
HLA-A*01:01,ISNNSDMA,0,8
HLA-A*01:01,TSDELQFG,1,8
HLA-A*01:01,TQGTPLKY,1,8
HLA-A*01:01,KWNFMQQQ,0,8
HLA-A*01:01,KEVGKVFL,0,8
HLA-A*01:01,AALRKEIK,0,8
HLA-A*01:01,RAARKAQG,0,8
HLA-A*01:01,PCAVQLMD,0,8
HLA-A*01:01,LLLYQDEE,0,8
HLA-A*01:01,PVTCPICV,0,8
HLA-A*01:01,QLVINCKV,0,8
HLA-A*01:01,MTEKFLFL,1,8
HLA-A*01:01,LLEGSVRY,1,8
HLA-A*01:01,VEHFVCAK,0,8
HLA-A*01:01,KTDVTMLL,1,8
HLA-A*01:01,SSVSAEAQ,0,8
HLA-A*01:01,DSLTIYDS,0,8
HLA-A*01:01,DSDFFTSY,1,8
HLA-A*01:01,DQVLFPYP,0,8
HLA-A*01:01,SEYDQIRY,1,8
HLA-A*01:01,DLRMMVAN,0,8
HLA-A*01:01,YTELEAIM,1,8
HLA-A*01:01,VDSRWQEY,1,8
HLA-A*01:01,AEDFNPEE,0,8
HLA-A*01:01,LVDDPLEY,1,8
HLA-A*01:01,LEVLEICD,0,8
HLA-A*01:01,YMWLGARY,1,8
HLA-A*01:01,NTDSPLRY,1,8
HLA-A*01:01,FSDLPLRV,1,8
HLA-A*01:01,YSNKAYQY,1,8
HLA-A*01:01,LLDQRPAW,1,8
HLA-A*01:01,SSELFTLT,1,8
HLA-A*01:01,PLSGGDQY,1,8
HLA-A*01:01,TDRNIDKY,1,8
HLA-A*01:01,SILYQATG,0,8
HLA-A*01:01,PIPVDKFR,0,8
HLA-A*01:01,VMAAQVVG,0,8
HLA-A*01:01,DSAPAPRG,0,8
HLA-A*01:01,CNVISQTP,0,8
HLA-A*01:01,LLDISGVL,1,8
HLA-A*01:01,VSDPVGVL,1,8
HLA-A*01:01,YTDKIDRY,1,8
HLA-A*01:01,ITDIVNKY,1,8
HLA-A*01:01,PKYGMFRY,1,8
HLA-A*01:01,GSDVSLTA,0,8
HLA-A*01:01,FTDREIDL,1,8
HLA-A*01:01,INNKANVV,0,8
HLA-A*01:01,PSTGSAPA,0,8
HLA-A*01:01,TVDPASLW,1,8
HLA-A*01:01,ELTSLLEE,0,8
HLA-A*01:01,SVTVEERA,0,8
HLA-A*01:01,PFLKLAKP,0,8
HLA-A*01:01,NPNLFTAM,0,8
HLA-A*01:01,AVKKLSRP,0,8
HLA-A*01:01,YIDRPLPY,1,8
HLA-A*01:01,CRIIKNVQ,0,8
HLA-A*01:01,ELLQFDHG,0,8
HLA-A*01:01,ERAEQQRF,0,8
HLA-A*01:01,FSEDGEYF,1,8
HLA-A*01:01,PQSCLRAA,0,8
HLA-A*01:01,GTDPATLY,1,8
HLA-A*01:01,YTDVSTRY,1,8
HLA-A*01:01,RLRGGGTE,0,8
HLA-A*01:01,TDRTGEMA,0,8
HLA-A*01:01,QTDINLPY,1,8
HLA-A*01:01,MEQPRKAV,0,8
HLA-A*01:01,QAHNAKEL,0,8
HLA-A*01:01,GLLLRKPN,0,8
HLA-A*01:01,TEKMVHIY,1,8
HLA-A*01:01,ELILVHDF,0,8
HLA-A*01:01,KIPTWKEM,0,8
HLA-A*01:01,ATALFSFL,1,8
HLA-A*01:01,DDLDDQAD,0,8
HLA-A*01:01,GGETKVYV,0,8
HLA-A*01:01,AMDGGGFY,1,8
HLA-A*01:01,TESSAILI,0,8
HLA-A*01:01,SEFQILKY,1,8
HLA-A*01:01,NEKQLSTI,0,8
HLA-A*01:01,ATEPVIAF,1,8
HLA-A*01:01,SSGSTDSE,0,8
HLA-A*01:01,WEEEGTYD,0,8
HLA-A*01:01,KSDPFLVF,1,8
HLA-A*01:01,ELQQAGAK,0,8
HLA-A*01:01,ITQKQTLT,0,8
HLA-A*01:01,SGEDMENL,0,8
HLA-A*01:01,QLDRISVY,1,8
HLA-A*01:01,FVDKTVPQ,0,8
HLA-A*01:01,VLDPYLLK,1,8
HLA-A*01:01,LRVWDIAY,0,8
HLA-A*01:01,DGEVRFKH,0,8
HLA-A*01:01,KVLKQGTE,0,8
HLA-A*01:01,TTEFLYNL,1,8
HLA-A*01:01,GSSLTQHQ,0,8
HLA-A*01:01,EAIETQDP,0,8
HLA-A*01:01,AIDNPLHY,1,8
HLA-A*01:01,DDEVGSMN,0,8
HLA-A*01:01,TLSPSTIP,0,8
HLA-A*01:01,VLEGQGGF,0,8
HLA-A*01:01,LTEPTGLL,1,8
HLA-A*01:01,PFSKKDWY,1,8
HLA-A*01:01,IKRDFGSF,0,8
HLA-A*01:01,LTQFSVVS,0,8
HLA-A*01:01,STASSVAL,0,8
HLA-A*01:01,HLVEENCE,0,8
HLA-A*01:01,NMTTSPEE,0,8
HLA-A*01:01,NSLFLTDL,1,8
HLA-A*01:01,SKFHRVIK,0,8
HLA-A*01:01,YVDDVFLR,1,8
HLA-A*01:01,TVDEHVWF,1,8
HLA-A*01:01,ISDGKEYL,1,8
HLA-A*01:01,EGRSFSHD,0,8
HLA-A*01:01,ATDPFVAF,1,8
HLA-A*01:01,SDDSKLEY,1,8
HLA-A*01:01,TDHLFFKY,1,8
HLA-A*01:01,GSEPRDQD,0,8
HLA-A*01:01,TAQIFSYL,1,8
HLA-A*01:01,YMDYRGYS,1,8
HLA-A*01:01,SKLIAEKS,0,8
HLA-A*01:01,ADKVHLMY,1,8
HLA-A*01:01,IQSLIALV,0,8
HLA-A*01:01,SVAPRTAA,0,8
HLA-A*01:01,DTDISLIR,1,8
HLA-A*01:01,FLEFQEEL,0,8
HLA-A*01:01,ADHLKAQE,0,8
HLA-A*01:01,DGHSSYGL,0,8
HLA-A*01:01,MDDLNLHY,1,8
HLA-A*01:01,HIDFAIQY,1,8
HLA-A*01:01,FSDNIEFY,1,8
HLA-A*01:01,GVLGFGPT,0,8
HLA-A*01:01,VHFPDPNK,0,8
HLA-A*01:01,EEQMENEP,0,8
HLA-A*01:01,VTEEFQPV,1,8
HLA-A*01:01,RSKSERSR,0,8
HLA-A*01:01,THTGEKPY,0,8
HLA-A*01:01,RLRGIRLK,0,8
HLA-A*01:01,IIDISGVL,1,8
HLA-A*01:01,GSFDSEGV,0,8
HLA-A*01:01,SDNDIRKY,1,8
HLA-A*01:01,DINDNSPV,0,8
HLA-A*01:01,YGNAGIMA,0,8
HLA-A*01:01,HSDIAQRY,1,8
HLA-A*01:01,EREYFNRY,1,8
HLA-A*01:01,DTDPFLFY,1,8
HLA-A*01:01,SDHSGFHY,1,8
HLA-A*01:01,YDFQRDYY,1,8
HLA-A*01:01,NLDPLTET,1,8
HLA-A*01:01,TTAVLAER,0,8
HLA-A*01:01,LTDYDIRF,1,8
HLA-A*01:01,LASIDLKY,1,8
HLA-A*01:01,ARGPQLTL,0,8
HLA-A*01:01,AEPIWVVL,0,8
HLA-A*01:01,YVYDFRDR,0,8
HLA-A*01:01,FPSGHLLD,0,8
HLA-A*01:01,YLDKEDTF,1,8
HLA-A*01:01,EAARADDA,0,8
HLA-A*01:01,TDKLKELY,1,8
HLA-A*01:01,ISDILDWK,1,8
HLA-A*01:01,ALPGAGLR,0,8
HLA-A*01:01,PEPASQAR,0,8
HLA-A*01:01,TERAVFRY,1,8
HLA-A*01:01,FTDVVTTN,0,8
HLA-A*01:01,WLPFFIIS,0,8
HLA-A*01:01,GKDFSIHR,0,8
HLA-A*01:01,GTELLSLV,1,8
HLA-A*01:01,VLLAAHPD,0,8
HLA-A*01:01,AGAAGLGT,0,8
HLA-A*01:01,YLDFINHY,1,8
HLA-A*01:01,YESINYIF,1,8
HLA-A*01:01,VTELHVIS,1,8
HLA-A*01:01,FTEILNYI,1,8
HLA-A*01:01,SKNVGMPI,0,8
HLA-A*01:01,VSERDVYL,1,8
HLA-A*01:01,VTSTIPPT,0,8
HLA-A*01:01,VTDVGIRY,1,8
HLA-A*01:01,ATDFPLQY,1,8
HLA-A*01:01,KSSNLNRE,0,8
HLA-A*01:01,ALEPILSA,0,8
HLA-A*01:01,FVDILTNW,1,8
HLA-A*01:01,IASTTIMV,0,8
HLA-A*01:01,KCRVINKE,0,8
HLA-A*01:01,NKSNEDQS,0,8
HLA-A*01:01,EEEDRKAR,0,8
HLA-A*01:01,ITDDLHFY,1,8
HLA-A*01:01,FAFVRFHD,0,8
HLA-A*01:01,TYRFVAPK,0,8
HLA-A*01:01,LGLLGLVS,0,8
